date,avg
2015-01-01,38.00
2015-01-02,38.00
2015-01-03,43.00
2015-01-04,38.00
2015-01-05,38.00
2015-01-06,41.00
2015-01-07,39.00
2015-01-08,38.00
2015-01-09,40.00
2015-01-11,19.00
2015-01-12,28.00
2015-01-13,29.00
2015-01-14,29.00
2015-01-15,28.00
2015-01-16,29.00
2015-01-17,28.00
2015-01-18,45.00
2015-01-19,35.00
2015-01-20,30.00
2015-01-21,32.00
2015-01-22,33.00
2015-01-23,33.00
2015-01-25,33.00
2015-01-26,33.00
2015-01-27,29.00
2015-01-28,28.00
2015-01-29,35.00
2015-01-31,38.00
2015-02-01,38.00
2015-02-02,33.00
2015-02-03,33.00
2015-02-04,28.00
2015-02-05,28.00
2015-02-06,28.00
2015-02-07,28.00
2015-02-08,28.00
2015-02-09,28.00
2015-02-10,28.00
2015-02-11,28.00
2015-02-12,28.00
2015-02-13,28.00
2015-02-14,28.00
2015-02-15,28.00
2015-02-16,29.00
2015-02-18,28.00
2015-02-19,28.00
2015-02-20,28.00
2015-02-22,28.00
2015-02-23,28.00
2015-02-24,28.00
2015-02-25,28.00
2015-02-26,28.00
2015-02-27,27.00
2015-03-01,28.00
2015-03-02,28.00
2015-03-03,33.00
2015-03-06,33.00
2015-03-09,33.00
2015-03-10,33.00
2015-03-11,39.00
2015-03-12,40.00
2015-03-13,43.00
2015-03-14,43.00
2015-03-15,43.00
2015-03-16,39.00
2015-03-17,38.00
2015-03-18,38.00
2015-03-19,39.00
2015-03-20,38.00
2015-03-21,38.00
2015-03-22,38.00
2015-03-23,37.00
2015-03-24,38.00
2015-03-25,38.00
2015-03-26,38.00
2015-03-27,40.00
2015-03-28,48.00
2015-03-29,58.00
2015-03-30,53.00
2015-03-31,44.00
2015-04-01,43.00
2015-04-02,41.00
2015-04-03,32.00
2015-04-04,33.00
2015-04-05,33.00
2015-04-06,32.00
2015-04-07,33.00
2015-04-08,33.00
2015-04-10,39.00
2015-04-12,48.00
2015-04-13,43.00
2015-04-14,41.00
2015-04-15,37.00
2015-04-16,38.00
2015-04-17,38.00
2015-04-18,34.00
2015-04-19,38.00
2015-04-20,29.00
2015-04-21,33.00
2015-04-22,37.00
2015-04-23,38.00
2015-04-24,38.00
2015-04-25,38.00
2015-04-26,41.00
2015-04-27,38.00
2015-04-28,63.00
2015-04-29,48.00
2015-04-30,43.00
2015-05-01,42.00
2015-05-02,38.00
2015-05-03,37.00
2015-05-04,53.00
2015-05-05,63.00
2015-05-06,63.00
2015-05-07,63.00
2015-05-08,63.00
2015-05-10,58.00
2015-05-11,53.00
2015-05-12,42.00
2015-05-13,38.00
2015-05-14,43.00
2015-05-15,37.00
2015-05-16,37.00
2015-05-17,38.00
2015-05-18,38.00
2015-05-19,38.00
2015-05-20,42.00
2015-05-21,43.00
2015-05-22,62.00
2015-05-23,73.00
2015-05-24,61.00
2015-05-25,63.00
2015-05-26,63.00
2015-05-27,47.00
2015-05-28,57.00
2015-05-29,58.00
2015-05-30,51.00
2015-05-31,53.00
2015-06-01,47.00
2015-06-02,44.00
2015-06-03,43.00
2015-06-04,47.00
2015-06-05,43.00
2015-06-06,48.00
2015-06-07,39.00
2015-06-08,41.00
2015-06-09,39.00
2015-06-10,39.00
2015-06-11,39.00
2015-06-12,39.00
2015-06-13,41.00
2015-06-14,41.00
2015-06-15,40.00
2015-06-16,30.00
2015-06-17,47.00
2015-06-18,42.00
2015-06-19,43.00
2015-06-20,41.00
2015-06-21,40.00
2015-06-22,41.00
2015-06-23,43.00
2015-06-24,43.00
2015-06-25,44.00
2015-06-26,55.00
2015-06-27,55.00
2015-06-28,58.00
2015-06-29,55.00
2015-06-30,55.00
2015-07-01,55.00
2015-07-02,55.00
2015-07-03,55.00
2015-07-04,59.00
2015-07-05,55.00
2015-07-06,55.00
2015-07-07,55.00
2015-07-08,55.00
2015-07-09,53.00
2015-07-10,55.00
2015-07-11,54.00
2015-07-12,63.00
2015-07-13,65.00
2015-07-14,63.00
2015-07-15,55.00
2015-07-16,55.00
2015-07-17,55.00
2015-07-18,56.00
2015-07-19,55.00
2015-07-20,55.00
2015-07-21,65.00
2015-07-22,55.00
2015-07-23,55.00
2015-07-24,55.00
2015-07-25,60.00
2015-07-26,55.00
2015-07-27,45.00
2015-07-28,45.00
2015-07-29,50.00
2015-07-30,51.00
2015-07-31,50.00
2015-08-01,52.00
2015-08-02,55.00
2015-08-03,55.00
2015-08-04,55.00
2015-08-05,55.00
2015-08-06,45.00
2015-08-07,45.00
2015-08-08,52.00
2015-08-09,55.00
2015-08-10,45.00
2015-08-11,45.00
2015-08-12,45.00
2015-08-13,44.00
2015-08-14,42.00
2015-08-15,40.00
2015-08-16,40.00
2015-08-17,38.00
2015-08-18,38.00
2015-08-19,38.00
2015-08-20,38.00
2015-08-21,42.00
2015-08-22,40.00
2015-08-23,45.00
2015-08-24,45.00
2015-08-25,38.00
2015-08-26,42.00
2015-08-27,45.00
2015-08-28,43.00
2015-08-29,41.00
2015-08-30,41.00
2015-08-31,42.00
2015-09-01,38.00
2015-09-02,38.00
2015-09-03,38.00
2015-09-04,38.00
2015-09-05,35.00
2015-09-06,33.00
2015-09-07,32.00
2015-09-08,33.00
2015-09-09,29.00
2015-09-10,29.00
2015-09-11,28.00
2015-09-12,26.00
2015-09-13,35.00
2015-09-14,38.00
2015-09-15,38.00
2015-09-16,35.00
2015-09-17,33.00
2015-09-18,33.00
2015-09-19,30.00
2015-09-20,31.00
2015-09-21,31.00
2015-09-22,32.00
2015-09-23,38.00
2015-09-24,38.00
2015-09-25,35.00
2015-09-26,35.00
2015-09-27,38.00
2015-09-28,38.00
2015-09-29,53.00
2015-09-30,63.00
2015-10-01,58.00
2015-10-02,58.00
2015-10-03,50.00
2015-10-04,53.00
2015-10-05,48.00
2015-10-06,38.00
2015-10-07,38.00
2015-10-08,38.00
2015-10-09,38.00
2015-10-10,39.00
2015-10-11,45.00
2015-10-12,45.00
2015-10-13,45.00
2015-10-14,48.00
2015-10-15,55.00
2015-10-16,45.00
2015-10-17,45.00
2015-10-18,45.00
2015-10-19,45.00
2015-10-20,45.00
2015-10-21,45.00
2015-10-22,45.00
2015-10-23,45.00
2015-10-24,45.00
2015-10-25,45.00
2015-10-26,38.00
2015-10-27,35.00
2015-10-28,35.00
2015-10-29,28.00
2015-10-30,35.00
2015-10-31,39.00
2015-11-01,45.00
2015-11-02,55.00
2015-11-03,55.00
2015-11-04,55.00
2015-11-05,55.00
2015-11-06,55.00
2015-11-07,58.00
2015-11-08,55.00
2015-11-09,55.00
2015-11-10,60.00
2015-11-11,65.00
2015-11-12,75.00
2015-11-13,77.00
2015-11-14,73.00
2015-11-15,95.00
2015-11-16,75.00
2015-11-17,95.00
2015-11-18,75.00
2015-11-19,75.00
2015-11-20,75.00
2015-11-21,70.00
2015-11-22,65.00
2015-11-23,75.00
2015-11-24,65.00
2015-11-25,75.00
2015-11-26,85.00
2015-11-27,95.00
2015-11-28,83.00
2015-11-29,63.00
2015-11-30,75.00
2015-12-01,75.00
2015-12-02,65.00
2015-12-03,65.00
2015-12-04,55.00
2015-12-05,49.00
2015-12-06,52.00
2015-12-07,55.00
2015-12-08,55.00
2015-12-09,55.00
2015-12-10,48.00
2015-12-11,48.00
2015-12-12,55.00
2015-12-13,55.00
2015-12-14,55.00
2015-12-15,55.00
2015-12-16,48.00
2015-12-17,45.00
2015-12-18,45.00
2015-12-19,45.00
2015-12-20,48.00
2015-12-21,45.00
2015-12-22,45.00
2015-12-23,45.00
2015-12-24,45.00
2015-12-25,46.00
2015-12-26,54.00
2015-12-27,55.00
2015-12-28,55.00
2015-12-29,55.00
2015-12-30,53.00
2015-12-31,55.00
2016-01-01,55.00
2016-01-02,55.00
2016-01-03,45.00
2016-01-04,45.00
2016-01-05,45.00
2016-01-06,45.00
2016-01-07,45.00
2016-01-08,42.00
2016-01-09,42.00
2016-01-10,42.00
2016-01-11,42.00
2016-01-12,42.00
2016-01-13,45.00
2016-01-14,42.00
2016-01-15,42.00
2016-01-16,45.00
2016-01-17,42.00
2016-01-18,42.00
2016-01-19,45.00
2016-01-20,45.00
2016-01-21,45.00
2016-01-22,45.00
2016-01-23,44.00
2016-01-24,45.00
2016-01-25,45.00
2016-01-26,45.00
2016-01-27,42.00
2016-01-28,42.00
2016-01-29,45.00
2016-01-30,48.00
2016-01-31,38.00
2016-02-01,38.00
2016-02-02,38.00
2016-02-03,38.00
2016-02-04,45.00
2016-02-05,45.00
2016-02-06,44.00
2016-02-07,42.00
2016-02-08,42.00
2016-02-09,42.00
2016-02-10,42.00
2016-02-11,38.00
2016-02-12,38.00
2016-02-13,38.00
2016-02-14,38.00
2016-02-15,35.00
2016-02-16,38.00
2016-02-17,38.00
2016-02-18,38.00
2016-02-19,38.00
2016-02-20,39.00
2016-02-21,38.00
2016-02-22,38.00
2016-02-23,38.00
2016-02-24,38.00
2016-02-25,38.00
2016-02-26,38.00
2016-02-27,38.00
2016-02-28,38.00
2016-02-29,38.00
2016-03-01,45.00
2016-03-02,45.00
2016-03-04,38.00
2016-03-05,39.00
2016-03-06,38.00
2016-03-07,32.00
2016-03-08,29.00
2016-03-09,38.00
2016-03-10,33.00
2016-03-11,38.00
2016-03-12,40.00
2016-03-13,41.00
2016-03-15,37.00
2016-03-16,38.00
2016-03-17,38.00
2016-03-18,38.00
2016-03-19,38.00
2016-03-20,38.00
2016-03-21,35.00
2016-03-22,36.00
2016-03-23,35.00
2016-03-24,35.00
2016-03-25,35.00
2016-03-26,36.00
2016-03-27,35.00
2016-03-28,35.00
2016-03-29,35.00
2016-03-30,33.00
2016-03-31,33.00
2016-04-01,28.00
2016-04-02,29.00
2016-04-03,28.00
2016-04-04,35.00
2016-04-05,35.00
2016-04-06,33.00
2016-04-07,29.00
2016-04-08,29.00
2016-04-09,29.00
2016-04-10,28.00
2016-04-11,35.00
2016-04-12,35.00
2016-04-13,31.00
2016-04-14,35.00
2016-04-15,33.00
2016-04-16,33.00
2016-04-17,33.00
2016-04-18,33.00
2016-04-19,28.00
2016-04-20,28.00
2016-04-21,28.00
2016-04-22,28.00
2016-04-23,29.00
2016-04-24,35.00
2016-04-25,35.00
2016-04-26,35.00
2016-04-27,39.00
2016-04-28,42.00
2016-04-29,48.00
2016-04-30,48.00
2016-05-01,43.00
2016-05-02,45.00
2016-05-03,42.00
2016-05-04,48.00
2016-05-05,55.00
2016-05-06,54.00
2016-05-07,54.00
2016-05-08,48.00
2016-05-09,45.00
2016-05-10,48.00
2016-05-11,48.00
2016-05-12,48.00
2016-05-13,48.00
2016-05-14,54.00
2016-05-15,48.00
2016-05-16,55.00
2016-05-17,55.00
2016-05-18,55.00
2016-05-19,55.00
2016-05-20,65.00
2016-05-21,66.00
2016-05-22,65.00
2016-05-23,65.00
2016-05-24,66.00
2016-05-25,45.00
2016-05-26,45.00
2016-05-27,38.00
2016-05-28,37.00
2016-05-29,55.00
2016-05-30,65.00
2016-05-31,55.00
2016-06-01,55.00
2016-06-02,55.00
2016-06-03,55.00
2016-06-04,54.00
2016-06-05,65.00
2016-06-06,55.00
2016-06-07,55.00
2016-06-08,55.00
2016-06-09,55.00
2016-06-10,55.00
2016-06-11,54.00
2016-06-12,55.00
2016-06-13,54.00
2016-06-14,56.00
2016-06-15,55.00
2016-06-16,54.00
2016-06-17,45.00
2016-06-18,45.00
2016-06-19,55.00
2016-06-20,65.00
2016-06-21,75.00
2016-06-24,65.00
2016-06-26,65.00
2016-06-28,75.00
2016-06-29,75.00
2016-06-30,85.00
2016-07-01,85.00
2016-07-02,85.00
2016-07-03,85.00
2016-07-04,85.00
2016-07-05,85.00
2016-07-06,75.00
2016-07-07,75.00
2016-07-08,74.00
2016-07-09,76.00
2016-07-10,75.00
2016-07-11,85.00
2016-07-12,95.00
2016-07-13,75.00
2016-07-14,75.00
2016-07-15,75.00
2016-07-16,75.00
2016-07-17,62.00
2016-07-18,55.00
2016-07-19,55.00
2016-07-20,55.00
2016-07-21,55.00
2016-07-22,65.00
2016-07-23,65.00
2016-07-24,75.00
2016-07-25,72.00
2016-07-26,82.00
2016-07-27,78.00
2016-07-28,75.00
2016-07-29,75.00
2016-07-30,71.00
2016-07-31,68.00
2016-08-01,68.00
2016-08-02,65.00
2016-08-03,72.00
2016-08-04,68.00
2016-08-05,62.00
2016-08-06,55.00
2016-08-07,58.00
2016-08-08,58.00
2016-08-09,52.00
2016-08-10,52.00
2016-08-11,52.00
2016-08-12,52.00
2016-08-13,48.00
2016-08-14,48.00
2016-08-15,52.00
2016-08-16,48.00
2016-08-17,48.00
2016-08-18,58.00
2016-08-19,58.00
2016-08-20,50.00
2016-08-21,48.00
2016-08-22,48.00
2016-08-23,45.00
2016-08-24,42.00
2016-08-25,40.00
2016-08-26,38.00
2016-08-27,37.00
2016-08-28,38.00
2016-08-29,38.00
2016-08-30,38.00
2016-08-31,38.00
2016-09-01,42.00
2016-09-02,55.00
2016-09-03,46.00
2016-09-04,50.00
2016-09-05,38.00
2016-09-06,38.00
2016-09-07,33.00
2016-09-08,38.00
2016-09-09,38.00
2016-09-10,38.00
2016-09-11,48.00
2016-09-12,52.00
2016-09-13,52.00
2016-09-14,52.00
2016-09-15,52.00
2016-09-16,42.00
2016-09-17,40.00
2016-09-18,38.00
2016-09-19,38.00
2016-09-20,38.00
2016-09-21,38.00
2016-09-22,38.00
2016-09-23,38.00
2016-09-24,38.00
2016-09-25,48.00
2016-09-26,38.00
2016-09-27,38.00
2016-09-28,38.00
2016-09-29,48.00
2016-09-30,52.00
2016-10-01,48.00
2016-10-02,48.00
2016-10-03,48.00
2016-10-04,48.00
2016-10-05,48.00
2016-10-06,58.00
2016-10-07,58.00
2016-10-08,46.00
2016-10-09,48.00
2016-10-10,48.00
2016-10-11,52.00
2016-10-12,48.00
2016-10-13,48.00
2016-10-14,48.00
2016-10-15,47.00
2016-10-16,52.00
2016-10-17,58.00
2016-10-18,58.00
2016-10-19,58.00
2016-10-20,57.00
2016-10-21,55.00
2016-10-22,52.00
2016-10-23,48.00
2016-10-24,38.00
2016-10-25,42.00
2016-10-26,45.00
2016-10-27,38.00
2016-10-28,38.00
2016-10-29,38.00
2016-10-30,38.00
2016-10-31,38.00
2016-11-01,38.00
2016-11-02,38.00
2016-11-03,38.00
2016-11-04,37.00
2016-11-05,38.00
2016-11-06,34.00
2016-11-07,38.00
2016-11-08,38.00
2016-11-09,38.00
2016-11-10,42.00
2016-11-11,38.00
2016-11-12,37.00
2016-11-13,38.00
2016-11-14,35.00
2016-11-15,35.00
2016-11-16,38.00
2016-11-17,38.00
2016-11-18,38.00
2016-11-19,38.00
2016-11-20,38.00
2016-11-21,42.00
2016-11-22,42.00
2016-11-23,42.00
2016-11-24,42.00
2016-11-25,38.00
2016-11-26,37.00
2016-11-27,42.00
2016-11-28,38.00
2016-11-29,38.00
2016-11-30,38.00
2016-12-01,38.00
2016-12-02,38.00
2016-12-03,38.00
2016-12-04,38.00
2016-12-05,38.00
2016-12-06,38.00
2016-12-07,38.00
2016-12-08,33.00
2016-12-09,38.00
2016-12-10,37.00
2016-12-11,38.00
2016-12-12,35.00
2016-12-13,38.00
2016-12-14,38.00
2016-12-15,38.00
2016-12-16,38.00
2016-12-17,30.00
2016-12-18,38.00
2016-12-19,38.00
2016-12-20,33.00
2016-12-21,33.00
2016-12-22,33.00
2016-12-23,33.00
2016-12-24,33.00
2016-12-25,33.00
2016-12-26,33.00
2016-12-27,28.00
2016-12-28,28.00
2016-12-29,28.00
2016-12-30,26.00
2016-12-31,28.00
2017-01-01,28.00
2017-01-02,28.00
2017-01-03,28.00
2017-01-04,38.00
2017-01-05,28.00
2017-01-06,28.00
2017-01-07,28.00
2017-01-08,28.00
2017-01-09,28.00
2017-01-10,28.00
2017-01-11,28.00
2017-01-12,28.00
2017-01-13,22.00
2017-01-14,23.00
2017-01-15,22.00
2017-01-16,28.00
2017-01-17,28.00
2017-01-18,45.00
2017-01-19,38.00
2017-01-20,38.00
2017-01-21,37.00
2017-01-22,38.00
2017-01-23,38.00
2017-01-24,38.00
2017-01-25,38.00
2017-01-26,33.00
2017-01-27,33.00
2017-01-28,30.00
2017-01-29,30.00
2017-01-30,32.00
2017-01-31,28.00
2017-02-01,33.00
2017-02-02,33.00
2017-02-03,33.00
2017-02-04,28.00
2017-02-05,33.00
2017-02-06,22.00
2017-02-07,28.00
2017-02-08,28.00
2017-02-09,28.00
2017-02-10,28.00
2017-02-11,28.00
2017-02-12,28.00
2017-02-13,28.00
2017-02-14,28.00
2017-02-15,28.00
2017-02-16,28.00
2017-02-17,28.00
2017-02-18,28.00
2017-02-19,33.00
2017-02-20,33.00
2017-02-21,33.00
2017-02-22,28.00
2017-02-23,28.00
2017-02-25,28.00
2017-02-26,28.00
2017-02-27,22.00
2017-02-28,28.00
2017-03-01,28.00
2017-03-02,22.00
2017-03-04,22.00
2017-03-05,28.00
2017-03-06,28.00
2017-03-07,28.00
2017-03-08,28.00
2017-03-09,28.00
2017-03-10,28.00
2017-03-11,28.00
2017-03-13,28.00
2017-03-14,28.00
2017-03-15,28.00
2017-03-16,28.00
2017-03-17,28.00
2017-03-18,28.00
2017-03-19,28.00
2017-03-20,28.00
2017-03-21,28.00
2017-03-22,28.00
2017-03-23,28.00
2017-03-24,28.00
2017-03-25,28.00
2017-03-26,28.00
2017-03-27,28.00
2017-03-28,28.00
2017-03-29,27.00
2017-03-30,28.00
2017-03-31,28.00
2017-04-01,28.00
2017-04-02,28.00
2017-04-03,28.00
2017-04-04,28.00
2017-04-05,33.00
2017-04-06,33.00
2017-04-07,33.00
2017-04-08,33.00
2017-04-09,33.00
2017-04-10,27.00
2017-04-11,27.00
2017-04-12,28.00
2017-04-13,28.00
2017-04-14,33.00
2017-04-15,30.00
2017-04-16,28.00
2017-04-17,28.00
2017-04-18,33.00
2017-04-19,33.00
2017-04-20,33.00
2017-04-21,28.00
2017-04-22,28.00
2017-04-23,33.00
2017-04-24,33.00
2017-04-25,28.00
2017-04-26,28.00
2017-04-27,28.00
2017-04-28,28.00
2017-04-29,27.00
2017-04-30,28.00
2017-05-01,33.00
2017-05-02,33.00
2017-05-03,33.00
2017-05-04,28.00
2017-05-05,28.00
2017-05-06,32.00
2017-05-07,28.00
2017-05-08,28.00
2017-05-09,28.00
2017-05-10,32.00
2017-05-11,43.00
2017-05-12,45.00
2017-05-13,46.00
2017-05-15,42.00
2017-05-16,43.00
2017-05-17,46.00
2017-05-18,42.00
2017-05-19,48.00
2017-05-20,48.00
2017-05-21,38.00
2017-05-22,38.00
2017-05-23,33.00
2017-05-24,33.00
2017-05-25,33.00
2017-05-26,33.00
2017-05-27,33.00
2017-05-28,33.00
2017-05-29,32.00
2017-05-30,33.00
2017-05-31,42.00
2017-06-01,42.00
2017-06-02,38.00
2017-06-03,38.00
2017-06-04,48.00
2017-06-05,48.00
2017-06-06,52.00
2017-06-07,58.00
2017-06-08,51.00
2017-06-09,48.00
2017-06-10,48.00
2017-06-11,48.00
2017-06-12,48.00
2017-06-13,42.00
2017-06-14,42.00
2017-06-15,42.00
2017-06-16,42.00
2017-06-17,42.00
2017-06-18,38.00
2017-06-19,38.00
2017-06-20,38.00
2017-06-21,38.00
2017-06-22,38.00
2017-06-23,52.00
2017-06-24,51.00
2017-06-27,42.00
2017-06-28,42.00
2017-06-29,42.00
2017-06-30,38.00
2017-07-01,38.00
2017-07-02,38.00
2017-07-04,48.00
2017-07-05,55.00
2017-07-06,45.00
2017-07-07,48.00
2017-07-08,48.00
2017-07-09,43.00
2017-07-10,38.00
2017-07-11,38.00
2017-07-12,48.00
2017-07-13,43.00
2017-07-14,43.00
2017-07-15,43.00
2017-07-16,43.00
2017-07-17,43.00
2017-07-18,43.00
2017-07-19,43.00
2017-07-20,38.00
2017-07-21,43.00
2017-07-22,43.00
2017-07-23,38.00
2017-07-24,38.00
2017-07-25,38.00
2017-07-26,43.00
2017-07-27,45.00
2017-07-28,48.00
2017-07-29,48.00
2017-07-30,52.00
2017-07-31,53.00
2017-08-01,53.00
2017-08-02,53.00
2017-08-03,53.00
2017-08-04,53.00
2017-08-05,53.00
2017-08-06,53.00
2017-08-21,98.00
2017-08-22,105.00
2017-08-23,95.00
2017-08-24,98.00
2017-08-25,98.00
2017-08-26,98.00
2017-08-27,98.00
2017-08-28,88.00
2017-08-29,85.00
2017-08-30,78.00
2017-08-31,78.00
2017-09-01,88.00
2017-09-02,88.00
2017-09-03,85.00
2017-09-04,78.00
2017-09-05,68.00
2017-09-06,68.00
2017-09-07,68.00
2017-09-08,68.00
2017-09-09,68.00
2017-09-10,68.00
2017-09-11,58.00
2017-09-12,48.00
2017-09-13,48.00
2017-09-14,48.00
2017-09-15,48.00
2017-09-16,47.00
2017-09-17,48.00
2017-09-18,52.00
2017-09-20,58.00
2017-09-21,56.00
2017-09-22,62.00
2017-09-23,63.00
2017-09-24,48.00
2017-09-25,48.00
2017-09-26,48.00
2017-09-27,48.00
2017-09-28,48.00
2017-09-29,48.00
2017-09-30,48.00
2017-10-01,42.00
2017-10-02,48.00
2017-10-03,48.00
2017-10-04,47.00
2017-10-05,42.00
2017-10-06,42.00
2017-10-07,43.00
2017-10-08,58.00
2017-10-09,58.00
2017-10-10,62.00
2017-10-11,78.00
2017-10-12,78.00
2017-10-13,62.00
2017-10-14,62.00
2017-10-15,52.00
2017-10-16,58.00
2017-10-17,62.00
2017-10-18,62.00
2017-10-19,62.00
2017-10-20,32.00
2017-10-21,78.00
2017-10-22,68.00
2017-10-23,62.00
2017-10-24,68.00
2017-10-25,62.00
2017-10-26,62.00
2017-10-27,62.00
2017-10-28,62.00
2017-10-29,72.00
2017-10-30,78.00
2017-10-31,92.00
2017-11-01,105.00
2017-11-02,92.00
2017-11-03,92.00
2017-11-04,92.00
2017-11-05,92.00
2017-11-06,92.00
2017-11-07,88.00
2017-11-08,82.00
2017-11-09,82.00
2017-11-10,88.00
2017-11-11,82.00
2017-11-12,83.00
2017-11-13,92.00
2017-11-14,98.00
2017-11-15,92.00
2017-11-16,88.00
2017-11-17,82.00
2017-11-18,78.00
2017-11-19,78.00
2017-11-20,78.00
2017-11-21,78.00
2017-11-22,78.00
2017-11-23,98.00
2017-11-24,98.00
2017-11-25,88.00
2017-11-26,88.00
2017-11-27,88.00
2017-11-28,88.00
2017-11-29,86.00
2017-11-30,88.00
2017-12-01,88.00
2017-12-02,88.00
2017-12-03,88.00
2017-12-04,88.00
2017-12-05,88.00
2017-12-06,98.00
2017-12-08,105.00
2017-12-09,102.00
2017-12-10,92.00
2017-12-11,68.00
2017-12-12,72.00
2017-12-13,68.00
2017-12-14,58.00
2017-12-15,58.00
2017-12-16,42.00
2017-12-17,52.00
2017-12-18,48.00
2017-12-19,39.00
2017-12-20,38.00
2017-12-27,42.00
2017-12-28,42.00
2017-12-29,42.00
2017-12-30,42.00
2017-12-31,42.00
2018-01-01,42.00
2018-01-02,42.00
2018-01-03,42.00
2018-01-04,42.00
2018-01-05,42.00
2018-01-06,39.00
2018-01-07,42.00
2018-01-08,42.00
2018-01-09,42.00
2018-01-10,42.00
2018-01-11,42.00
2018-01-12,42.00
2018-01-13,42.00
2018-01-14,48.00
2018-01-16,52.00
2018-01-17,48.00
2018-01-18,48.00
2018-01-19,42.00
2018-01-20,43.00
2018-01-21,38.00
2018-01-22,42.00
2018-01-23,42.00
2018-01-24,38.00
2018-01-25,38.00
2018-01-26,38.00
2018-01-27,38.00
2018-01-28,38.00
2018-01-29,38.00
2018-01-30,38.00
2018-01-31,38.00
2018-02-01,38.00
2018-02-02,33.00
2018-02-03,33.00
2018-02-04,33.00
2018-02-05,33.00
2018-02-06,42.00
2018-02-07,38.00
2018-02-08,42.00
2018-02-09,42.00
2018-02-10,42.00
2018-02-11,42.00
2018-02-12,42.00
2018-02-13,42.00
2018-02-14,38.00
2018-02-15,38.00
2018-02-16,38.00
2018-02-17,38.00
2018-02-18,38.00
2018-02-19,38.00
2018-02-20,38.00
2018-02-21,38.00
2018-02-22,38.00
2018-02-23,38.00
2018-02-24,38.00
2018-02-25,33.00
2018-02-26,38.00
2018-02-27,38.00
2018-02-28,33.00
2018-03-01,32.00
2018-03-02,33.00
2018-03-03,33.00
2018-03-05,33.00
2018-03-06,33.00
2018-03-07,33.00
2018-03-08,33.00
2018-03-09,40.00
2018-03-10,55.00
2018-03-11,33.00
2018-03-12,33.00
2018-03-13,33.00
2018-03-14,38.00
2018-03-15,38.00
2018-03-16,38.00
2018-03-17,38.00
2018-03-18,48.00
2018-03-19,52.00
2018-03-20,48.00
2018-03-21,58.00
2018-03-22,58.00
2018-03-23,48.00
2018-03-24,45.00
2018-03-25,48.00
2018-03-26,38.00
2018-03-27,38.00
2018-03-28,33.00
2018-03-29,38.00
2018-03-30,38.00
2018-03-31,33.00
2018-04-01,33.00
2018-04-02,33.00
2018-04-03,38.00
2018-04-04,33.00
2018-04-05,33.00
2018-04-06,38.00
2018-04-07,38.00
2018-04-08,33.00
2018-04-09,32.00
2018-04-10,33.00
2018-04-11,33.00
2018-04-12,33.00
2018-04-13,34.00
2018-04-14,33.00
2018-04-15,33.00
2018-04-16,33.00
2018-04-17,38.00
2018-04-18,38.00
2018-04-19,42.00
2018-04-20,52.00
2018-04-21,53.00
2018-04-22,38.00
2018-04-23,42.00
2018-04-24,48.00
2018-04-25,42.00
2018-04-26,48.00
2018-04-27,48.00
2018-04-28,48.00
2018-04-29,48.00
2018-04-30,38.00
2018-05-01,38.00
2018-05-02,38.00
2018-05-03,38.00
2018-05-04,42.00
2018-05-05,42.00
2018-05-06,42.00
2018-05-07,38.00
2018-05-08,38.00
2018-05-09,38.00
2018-05-10,38.00
2018-05-11,38.00
2018-05-12,38.00
2018-05-13,38.00
2018-05-14,38.00
2018-05-15,38.00
2018-05-16,38.00
2018-05-17,38.00
2018-05-18,38.00
2018-05-19,33.00
2018-05-20,33.00
2018-05-21,33.00
2018-05-22,33.00
2018-05-23,33.00
2018-05-24,33.00
2018-05-25,33.00
2018-05-26,33.00
2018-05-27,33.00
2018-05-28,33.00
2018-05-29,49.00
2018-05-30,42.00
2018-05-31,43.00
2018-06-01,42.00
2018-06-02,43.00
2018-06-03,38.00
2018-06-04,38.00
2018-06-05,38.00
2018-06-06,37.00
2018-06-07,38.00
2018-06-08,38.00
2018-06-09,38.00
2018-06-10,42.00
2018-06-11,42.00
2018-06-12,58.00
2018-06-13,58.00
2018-06-14,58.00
2018-06-15,58.00
2018-06-16,58.00
2018-06-17,58.00
2018-06-18,58.00
2018-06-19,58.00
2018-06-24,78.00
2018-06-25,75.00
2018-06-26,68.00
2018-06-27,68.00
2018-06-28,68.00
2018-06-29,58.00
2018-06-30,58.00
2018-07-01,48.00
2018-07-02,48.00
2018-07-03,52.00
2018-07-04,42.00
2018-07-05,38.00
2018-07-06,38.00
2018-07-07,38.00
2018-07-08,38.00
2018-07-09,38.00
2018-07-10,42.00
2018-07-15,58.00
2018-07-16,58.00
2018-07-17,58.00
2018-07-19,33.00
2018-07-20,38.00
2018-07-21,38.00
2018-07-22,38.00
2018-07-23,22.00
2018-07-24,32.00
2018-07-25,33.00
2018-07-26,38.00
2018-07-27,33.00
2018-07-28,33.00
2018-07-29,33.00
2018-07-30,38.00
2018-07-31,38.00
2018-08-01,38.00
2018-08-02,48.00
2018-08-03,42.00
2018-08-04,43.00
2018-08-05,43.00
2018-08-06,48.00
2018-08-07,58.00
2018-08-09,68.00
2018-08-10,53.00
2018-08-11,53.00
2018-08-12,52.00
2018-08-13,52.00
2018-08-14,48.00
2018-08-15,48.00
2018-08-16,48.00
2018-08-17,48.00
2018-08-18,48.00
2018-08-19,48.00
2018-08-20,52.00
2018-08-21,58.00
2018-08-22,58.00
2018-08-23,48.00
2018-08-24,48.00
2018-08-25,47.00
2018-08-26,42.00
2018-08-27,38.00
2018-08-28,43.00
2018-08-29,52.00
2018-08-30,52.00
2018-08-31,48.00
2018-09-01,48.00
2018-09-02,48.00
2018-09-03,48.00
2018-09-04,52.00
2018-09-05,42.00
2018-09-06,42.00
2018-09-07,42.00
2018-09-08,43.00
2018-09-09,38.00
2018-09-10,38.00
2018-09-11,38.00
2018-09-12,38.00
2018-09-13,38.00
2018-09-14,37.00
2018-09-15,38.00
2018-09-16,38.00
2018-09-17,38.00
2018-09-18,38.00
2018-09-19,38.00
2018-09-20,48.00
2018-09-21,48.00
2018-09-22,46.00
2018-09-23,42.00
2018-09-24,38.00
2018-09-25,37.00
2018-09-26,38.00
2018-09-27,38.00
2018-09-28,38.00
2018-09-29,38.00
2018-09-30,38.00
2018-10-01,38.00
2018-10-02,48.00
2018-10-03,42.00
2018-10-04,52.00
2018-10-05,52.00
2018-10-06,52.00
2018-10-07,52.00
2018-10-08,52.00
2018-10-09,48.00
2018-10-10,43.00
2018-10-11,42.00
2018-10-12,42.00
2018-10-13,42.00
2018-10-14,38.00
2018-10-15,38.00
2018-10-16,38.00
2018-10-17,38.00
2018-10-18,38.00
2018-10-19,38.00
2018-10-20,38.00
2018-10-21,38.00
2018-10-22,38.00
2018-10-23,38.00
2018-10-24,38.00
2018-10-25,30.00
2018-10-26,28.00
2018-10-27,29.00
2018-10-28,30.00
2018-10-29,33.00
2018-10-30,33.00
2018-10-31,33.00
2018-11-01,33.00
2018-11-02,33.00
2018-11-03,33.00
2018-11-04,33.00
2018-11-05,33.00
2018-11-06,32.00
2018-11-07,33.00
2018-11-08,29.00
2018-11-09,33.00
2018-11-10,33.00
2018-11-11,33.00
2018-11-12,32.00
2018-11-13,32.00
2018-11-14,27.00
2018-11-15,33.00
2018-11-16,32.00
2018-11-17,33.00
2018-11-18,33.00
2018-11-19,32.00
2018-11-20,33.00
2018-11-21,32.00
2018-11-22,33.00
2018-11-23,32.00
2018-11-24,33.00
2018-11-25,33.00
2018-11-26,32.00
2018-11-27,27.00
2018-11-28,27.00
2018-11-29,27.00
2018-11-30,22.00
2018-12-01,23.00
2018-12-02,28.00
2018-12-03,28.00
2018-12-04,28.00
2018-12-05,28.00
2018-12-06,32.00
2018-12-07,32.00
2018-12-08,33.00
2018-12-09,33.00
2018-12-10,33.00
2018-12-11,33.00
2018-12-12,33.00
2018-12-13,48.00
2018-12-14,47.00
2018-12-15,48.00
2018-12-16,52.00
2018-12-17,52.00
2018-12-18,48.00
2018-12-19,48.00
2018-12-20,48.00
2018-12-21,38.00
2018-12-22,38.00
2018-12-23,38.00
2018-12-24,42.00
2018-12-25,42.00
2018-12-26,42.00
2018-12-27,42.00
2018-12-28,42.00
2018-12-29,48.00
2018-12-30,48.00
2018-12-31,42.00
2019-01-01,48.00
2019-01-02,48.00
2019-01-03,52.00
2019-01-04,58.00
2019-01-05,58.00
2019-01-06,68.00
2019-01-07,62.00
2019-01-08,62.00
2019-01-09,68.00
2019-01-10,68.00
2019-01-11,57.00
2019-01-12,58.00
2019-01-13,58.00
2019-01-14,52.00
2019-01-15,52.00
2019-01-16,52.00
2019-01-17,52.00
2019-01-18,52.00
2019-01-19,53.00
2019-01-20,58.00
2019-01-21,58.00
2019-01-22,58.00
2019-01-23,54.00
2019-01-24,48.00
2019-01-25,48.00
2019-01-26,46.00
2019-01-27,52.00
2019-01-28,48.00
2019-01-29,42.00
2019-01-30,42.00
2019-01-31,42.00
2019-02-01,42.00
2019-02-02,42.00
2019-02-03,42.00
2019-02-04,42.00
2019-02-05,42.00
2019-02-06,42.00
2019-02-07,42.00
2019-02-08,42.00
2019-02-09,48.00
2019-02-10,68.00
2019-02-14,58.00
2019-02-15,55.00
2019-02-16,57.00
2019-02-17,52.00
2019-02-18,48.00
2019-02-19,48.00
2019-02-20,48.00
2019-02-21,47.00
2019-02-22,42.00
2019-02-23,43.00
2019-02-24,48.00
2019-02-25,48.00
2019-02-26,48.00
2019-02-27,48.00
2019-02-28,48.00
2019-03-01,48.00
2019-03-02,47.00
2019-03-03,48.00
2019-03-05,48.00
2019-03-06,48.00
2019-03-07,47.00
2019-03-08,48.00
2019-03-09,38.00
2019-03-10,37.00
2019-03-11,48.00
2019-03-12,52.00
2019-03-13,58.00
2019-03-14,52.00
2019-03-15,58.00
2019-03-16,58.00
2019-03-17,68.00
2019-03-18,68.00
2019-03-19,68.00
2019-03-20,68.00
2019-03-21,62.00
2019-03-22,62.00
2019-03-23,63.00
2019-03-24,52.00
2019-03-25,52.00
2019-03-26,68.00
2019-03-27,68.00
2019-03-28,58.00
2019-03-29,52.00
2019-03-30,53.00
2019-03-31,48.00
2019-04-01,52.00
2019-04-02,58.00
2019-04-03,48.00
2019-04-04,48.00
2019-04-05,48.00
2019-04-06,48.00
2019-04-07,48.00
2019-04-08,48.00
2019-04-09,48.00
2019-04-10,48.00
2019-04-11,52.00
2019-04-12,52.00
2019-04-13,53.00
2019-04-14,48.00
2019-04-15,58.00
2019-04-16,48.00
2019-04-17,52.00
2019-04-18,52.00
2019-04-19,58.00
2019-04-20,58.00
2019-04-21,58.00
2019-04-22,58.00
2019-04-23,52.00
2019-04-24,52.00
2019-04-25,47.00
2019-04-26,47.00
2019-04-27,48.00
2019-04-28,58.00
2019-04-29,58.00
2019-04-30,78.00
2019-05-01,78.00
2019-05-02,68.00
2019-05-03,68.00
2019-05-04,67.00
2019-05-05,68.00
2019-05-06,68.00
2019-05-07,68.00
2019-05-08,68.00
2019-05-09,68.00
2019-05-10,78.00
2019-05-11,68.00
2019-05-12,98.00
2019-05-13,98.00
2019-05-14,92.00
2019-05-15,98.00
2019-05-16,78.00
2019-05-17,82.00
2019-05-18,78.00
2019-05-19,88.00
2019-05-20,78.00
2019-05-21,78.00
2019-05-22,85.00
2019-05-23,78.00
2019-05-24,78.00
2019-05-25,78.00
2019-05-26,68.00
2019-05-27,70.00
2019-05-28,78.00
2019-05-29,98.00
2019-05-30,85.00
2019-05-31,85.00
2019-06-01,85.00
2019-06-02,88.00
2019-06-03,78.00
2019-06-04,78.00
2019-06-05,68.00
2019-06-06,68.00
2019-06-07,58.00
2019-06-08,58.00
2019-06-09,58.00
2019-06-10,58.00
2019-06-11,68.00
2019-06-12,88.00
2019-06-13,95.00
2019-06-14,88.00
2019-06-15,78.00
2019-06-16,62.00
2019-06-17,62.00
2019-06-18,62.00
2019-06-19,68.00
2019-06-20,62.00
2019-06-21,62.00
2019-06-22,68.00
2019-06-23,68.00
2019-06-24,68.00
2019-06-26,82.00
2019-06-27,68.00
2019-06-28,68.00
2019-06-29,68.00
2019-06-30,68.00
2019-07-01,68.00
2019-07-02,68.00
2019-07-03,68.00
2019-07-04,68.00
2019-07-05,68.00
2019-07-06,68.00
2019-07-07,78.00
2019-07-08,78.00
2019-07-09,68.00
2019-07-10,68.00
2019-07-11,68.00
2019-07-12,68.00
2019-07-14,98.00
2019-07-15,98.00
2019-07-16,98.00
2019-07-17,98.00
2019-07-18,92.00
2019-07-19,92.00
2019-07-20,98.00
2019-07-21,92.00
2019-07-22,98.00
2019-07-23,78.00
2019-07-24,78.00
2019-07-25,72.00
2019-07-26,68.00
2019-07-27,68.00
2019-07-28,68.00
2019-07-29,78.00
2019-07-30,88.00
2019-07-31,92.00
2019-08-01,98.00
2019-08-02,88.00
2019-08-03,98.00
2019-08-04,92.00
2019-08-05,92.00
2019-08-06,88.00
2019-08-07,78.00
2019-08-08,82.00
2019-08-09,78.00
2019-08-10,72.00
2019-08-11,68.00
2019-08-12,72.00
2019-08-13,78.00
2019-08-14,78.00
2019-08-15,78.00
2019-08-16,72.00
2019-08-17,78.00
2019-08-18,85.00
2019-08-19,95.00
2019-08-20,98.00
2019-08-21,95.00
2019-08-22,90.00
2019-08-23,80.00
2019-08-24,68.00
2019-08-25,72.00
2019-08-26,75.00
2019-08-27,72.00
2019-08-28,72.00
2019-08-29,58.00
2019-08-30,60.00
2019-08-31,52.00
2019-09-01,50.00
2019-09-02,55.00
2019-09-03,50.00
2019-09-04,45.00
2019-09-05,45.00
2019-09-06,45.00
2019-09-07,52.00
2019-09-08,52.00
2019-09-09,48.00
2019-09-10,48.00
2019-09-11,55.00
2019-09-12,48.00
2019-09-13,48.00
2019-09-14,45.00
2019-09-15,52.00
2019-09-16,52.00
2019-09-17,48.00
2019-09-18,48.00
2019-09-19,48.00
2019-09-20,50.00
2019-09-21,55.00
2019-09-22,58.00
2019-09-23,58.00
2019-09-24,60.00
2019-09-25,65.00
2019-09-26,60.00
2019-09-27,58.00
2019-09-28,52.00
2019-09-29,58.00
2019-09-30,58.00
2019-10-01,58.00
2019-10-02,68.00
2019-10-03,72.00
2019-10-04,62.00
2019-10-05,78.00
2019-10-06,68.00
2019-10-07,68.00
2019-10-08,72.00
2019-10-09,72.00
2019-10-10,88.00
2019-10-11,78.00
2019-10-12,92.00
2019-10-13,88.00
2019-10-14,88.00
2019-10-15,88.00
2019-10-16,78.00
2019-10-17,78.00
2019-10-18,78.00
2019-10-19,75.00
2019-10-20,78.00
2019-10-21,78.00
2019-10-22,78.00
2019-10-23,78.00
2019-10-24,78.00
2019-10-25,78.00
2019-10-26,78.00
2019-10-27,98.00
2019-10-28,88.00
2019-10-29,95.00
2019-10-31,135.00
2019-11-01,155.00
2019-11-02,98.00
2019-11-03,98.00
2019-11-04,98.00
2019-11-05,88.00
2019-11-06,88.00
2019-11-07,88.00
2019-11-08,78.00
2019-11-09,68.00
2019-11-10,78.00
2019-11-11,68.00
2019-11-12,68.00
2019-11-13,68.00
2019-11-14,68.00
2019-11-15,65.00
2019-11-16,68.00
2019-11-17,68.00
2019-11-18,58.00
2019-11-19,55.00
2019-11-20,68.00
2019-11-21,65.00
2019-11-22,65.00
2019-11-23,55.00
2019-11-24,55.00
2019-11-25,55.00
2019-11-26,55.00
2019-11-27,55.00
2019-11-28,55.00
2019-11-29,55.00
2019-11-30,55.00
2019-12-01,55.00
2019-12-02,55.00
2019-12-03,55.00
2019-12-04,55.00
2019-12-05,55.00
2019-12-06,55.00
2019-12-07,65.00
2019-12-08,65.00
2019-12-09,55.00
2019-12-10,55.00
2019-12-11,55.00
2019-12-12,65.00
2019-12-13,65.00
2019-12-14,65.00
2019-12-15,65.00
2019-12-16,55.00
2019-12-17,55.00
2019-12-18,55.00
2019-12-19,50.00
2019-12-20,55.00
2019-12-21,48.00
2019-12-22,48.00
2019-12-23,48.00
2019-12-24,48.00
2019-12-25,48.00
2019-12-26,48.00
2019-12-27,48.00
2019-12-28,48.00
2019-12-29,48.00
2019-12-30,48.00
2019-12-31,55.00
2020-01-01,62.00
2020-01-02,68.00
2020-01-03,78.00
2020-01-04,78.00
2020-01-05,88.00
2020-01-06,78.00
2020-01-07,88.00
2020-01-08,78.00
2020-01-09,78.00
2020-01-10,78.00
2020-01-11,78.00
2020-01-12,78.00
2020-01-13,68.00
2020-01-14,58.00
2020-01-15,62.00
2020-01-16,68.00
2020-01-17,58.00
2020-01-18,65.00
2020-01-19,54.00
2020-01-20,58.00
2020-01-21,48.00
2020-01-22,55.00
2020-01-23,55.00
2020-01-24,55.00
2020-01-25,55.00
2020-01-26,55.00
2020-01-27,55.00
2020-01-28,55.00
2020-01-29,48.00
2020-01-30,55.00
2020-01-31,55.00
2020-02-01,55.00
2020-02-02,55.00
2020-02-03,48.00
2020-02-04,55.00
2020-02-05,55.00
2020-02-06,48.00
2020-02-07,48.00
2020-02-08,48.00
2020-02-09,48.00
2020-02-10,48.00
2020-02-11,48.00
2020-02-12,48.00
2020-02-13,48.00
2020-02-14,48.00
2020-02-15,48.00
2020-02-16,48.00
2020-02-17,48.00
2020-02-18,48.00
2020-02-19,48.00
2020-02-20,48.00
2020-02-21,48.00
2020-02-22,48.00
2020-02-23,48.00
2020-02-24,48.00
2020-02-25,48.00
2020-02-26,48.00
2020-02-27,48.00
2020-02-28,48.00
2020-02-29,48.00
2020-03-01,75.00
2020-03-02,48.00
2020-03-04,48.00
2020-03-05,48.00
2020-03-06,48.00
2020-03-07,48.00
2020-03-08,48.00
2020-03-09,48.00
2020-03-10,48.00
2020-03-11,48.00
2020-03-12,48.00
2020-03-13,48.00
2020-03-14,48.00
2020-03-15,48.00
2020-03-16,48.00
2020-03-17,48.00
2020-03-18,48.00
2020-03-19,48.00
2020-03-20,48.00
2020-03-21,48.00
2020-03-22,48.00
2020-03-23,48.00
2020-03-25,48.00
2020-03-26,48.00
2020-03-27,52.00
2020-03-28,48.00
2020-03-29,48.00
2020-03-30,42.00
2020-03-31,42.00
2020-04-01,38.00
2020-04-02,42.00
2020-04-03,38.00
2020-04-04,38.00
2020-04-05,38.00
2020-05-21,28.00
2020-08-07,78.00
2020-08-08,78.00
2020-08-09,75.00
2020-08-10,78.00
2020-08-12,68.00
2020-08-13,68.00
2020-08-14,68.00
2020-08-15,65.00
2020-08-16,62.00
2020-08-17,62.00
2020-08-20,78.00
2020-08-21,72.00
2020-08-22,78.00
2020-08-23,67.00
2020-08-24,68.00
2020-08-25,68.00
2020-08-26,67.00
2020-08-27,68.00
2020-08-28,77.00
2020-08-29,95.00
2020-08-30,95.00
2020-08-31,105.00
2020-09-01,95.00
2020-09-02,95.00
2020-09-03,98.00
2020-09-04,85.00
2020-09-05,88.00
2020-09-06,85.00
2020-09-07,98.00
2020-09-08,98.00
2020-09-09,92.00
2020-09-10,98.00
2020-09-11,98.00
2020-09-12,92.00
2020-09-13,98.00
2020-09-14,98.00
2020-09-15,98.00
2020-09-16,95.00
2020-09-17,115.00
2020-09-19,98.00
2020-09-20,98.00
2020-09-21,88.00
2020-09-22,88.00
2020-09-23,88.00
2020-09-24,88.00
2020-09-25,88.00
2020-09-26,85.00
2020-09-27,88.00
2020-09-28,92.00
2020-09-29,88.00
2020-09-30,78.00
2020-10-01,62.00
2020-10-02,58.00
2020-10-03,48.00
2020-10-04,48.00
2020-10-05,42.00
2020-10-06,42.00
2020-10-07,42.00
2020-10-08,42.00
2020-10-09,45.00
2020-10-10,45.00
2020-10-11,55.00
2020-10-12,85.00
2020-10-13,78.00
2020-10-14,72.00
2020-10-15,75.00
2020-10-16,75.00
2020-10-17,75.00
2020-10-18,75.00
2020-10-19,68.00
2020-10-20,68.00
2020-10-21,68.00
2020-10-22,75.00
2020-10-24,77.00
2020-11-01,78.00
2020-11-02,68.00
2020-11-08,65.00
2020-11-21,65.00
2020-11-22,55.00
2020-11-26,68.00
2020-11-27,65.00
2020-11-28,68.00
2020-11-29,68.00
2020-11-30,65.00
2020-12-01,68.00
2020-12-02,68.00
2020-12-03,65.00
2020-12-04,65.00
2020-12-05,65.00
2020-12-06,65.00
2020-12-07,75.00
2020-12-08,76.00
2020-12-09,65.00
2020-12-10,75.00
2020-12-11,75.00
2020-12-12,64.00
2020-12-13,68.00
2020-12-14,75.00
2020-12-15,65.00
2020-12-16,65.00
2020-12-17,65.00
2020-12-18,65.00
2020-12-19,55.00
2020-12-20,57.00
2020-12-21,52.00
2020-12-22,60.00
2020-12-23,55.00
2020-12-24,52.50
2020-12-25,55.00
2020-12-26,55.00
2020-12-27,55.00
2020-12-28,65.00
2020-12-29,57.50
2020-12-30,55.00
2020-12-31,56.67
2021-01-01,56.67
2021-01-02,56.67
2021-01-03,55.00
2021-01-04,55.00
2021-01-05,57.00
2021-01-06,55.00
2021-01-07,48.00
2021-01-08,52.50
2021-01-09,45.00
2021-01-10,45.00
2021-01-11,55.00
2021-01-12,46.67
2021-01-13,45.00
2021-01-14,43.33
2021-01-15,48.33
2021-01-16,45.00
2021-01-17,42.33
2021-01-18,42.50
2021-01-19,42.50
2021-01-20,40.00
2021-01-21,37.50
2021-01-22,37.50
2021-01-23,37.50
2021-01-24,37.67
2021-01-31,45.00
2021-02-01,45.00
2021-02-02,45.00
2021-02-03,55.00
2021-02-05,56.67
2021-02-06,55.00
2021-02-07,47.67
2021-02-08,55.00
2021-02-09,55.00
2021-02-10,55.00
2021-02-11,55.00
2021-02-12,55.00
2021-02-13,54.00
2021-02-14,55.00
2021-02-15,55.00
2021-02-16,55.00
2021-02-17,55.00
2021-02-18,55.00
2021-02-19,47.67
2021-02-20,45.00
2021-02-21,42.33
2021-02-22,45.00
2021-02-23,45.00
2021-02-24,45.00
2021-02-25,45.00
2021-02-26,45.00
2021-02-27,45.00
2021-02-28,45.00
2021-03-01,45.00
2021-03-02,45.00
2021-03-03,45.00
2021-03-07,45.00
2021-03-14,50.00
2021-03-15,50.00
2021-03-16,50.00
2021-03-17,45.00
2021-03-18,45.00
2021-03-21,45.00
2021-03-23,45.00
2021-03-28,45.00
2021-03-30,47.67
2021-04-04,55.00
2021-04-18,47.67
2021-04-25,55.00
2021-04-26,55.00
2021-05-02,27.67
2021-05-05,45.00
2021-05-06,45.00
2021-05-07,45.00
2021-05-12,47.67
2021-05-13,47.67
2021-05-14,45.00
2021-05-17,35.00
2021-05-19,37.67
2021-05-20,37.67
2021-05-21,37.67
2021-05-22,37.67
2021-05-23,37.50
2021-05-24,45.00
2021-05-25,45.00
2021-05-26,37.67
2021-05-27,45.00
2021-05-28,37.67
2021-05-29,37.67
2021-05-30,37.50
2021-05-31,37.50
2021-06-01,37.50
2021-06-02,37.67
2021-06-03,47.67
2021-06-04,47.67
2021-06-05,45.00
2021-06-06,45.00
2021-06-07,45.00
2021-06-08,45.00
2021-06-09,45.00
2021-06-10,45.00
2021-06-11,45.00
2021-06-12,45.00
2021-06-13,45.00
2021-06-27,65.00
2021-07-04,65.00
2021-07-11,65.00
2021-07-18,55.00
2021-07-20,55.00
2021-07-25,65.00
2021-08-01,55.00
2021-08-08,65.00
2021-08-11,55.00
2021-08-12,55.00
2021-08-13,55.00
2021-08-15,55.00
2021-08-17,65.00
2021-08-18,66.67
2021-08-19,65.00
2021-08-20,65.00
2021-08-21,65.00
2021-08-22,65.00
2021-08-23,55.00
2021-08-24,55.00
2021-08-29,55.00
2021-09-05,55.00
2021-09-12,55.00
2021-09-26,65.00
2021-10-03,65.00
2021-10-04,85.00
2021-10-05,96.67
2021-10-06,96.67
2021-10-07,86.67
2021-10-08,96.00
2021-10-09,110.00
2021-10-10,110.00
2021-10-11,85.00
2021-10-12,86.67
2021-10-13,86.67
2021-10-14,85.00
2021-10-15,76.67
2021-10-16,76.67
2021-10-17,75.00
2021-10-18,65.00
2021-10-19,66.67
2021-10-20,66.67
2021-10-21,66.67
2021-10-24,95.00
2021-10-25,105.00
2021-10-26,103.33
2021-10-27,96.67
2021-10-28,105.00
2021-10-29,106.67
2021-10-30,85.00
2021-10-31,85.00
2021-11-01,85.00
2021-11-02,96.67
2021-11-03,86.67
2021-11-04,86.67
2021-11-05,113.33
2021-11-08,86.67
2021-11-09,75.00
2021-11-10,85.00
2021-11-12,116.67
2021-11-13,115.00
2021-11-14,115.00
2021-11-17,115.00
2021-11-18,116.67
2021-11-19,125.00
2021-11-20,115.00
2021-11-21,115.00
2021-11-22,105.00
2021-11-23,135.00
2021-11-24,135.00
2021-11-25,135.00
2021-11-26,125.00
2021-11-27,115.00
2021-11-28,115.00
2021-11-29,112.50
2021-11-30,115.00
2021-12-01,115.00
2021-12-02,115.00
2021-12-03,115.00
2021-12-04,115.00
2021-12-05,115.00
2021-12-06,110.00
2021-12-07,103.33
2021-12-08,105.00
2021-12-09,105.00
2021-12-10,105.00
2021-12-11,106.67
2021-12-12,110.00
2021-12-13,106.67
2021-12-14,105.00
2021-12-15,93.33
2021-12-16,96.67
2021-12-17,85.00
2021-12-18,85.00
2021-12-19,95.00
2021-12-20,76.67
2021-12-21,86.67
2021-12-22,76.67
2021-12-23,76.67
2021-12-24,76.67
2021-12-25,76.67
2021-12-26,75.00
2021-12-27,76.67
2021-12-28,75.00
2021-12-29,75.00
2021-12-30,75.00
2021-12-31,96.67
2022-01-01,115.00
2022-01-02,115.00
2022-01-03,95.00
2022-01-04,96.67
2022-01-05,86.67
2022-01-06,96.67
2022-01-07,96.67
2022-01-08,76.67
2022-01-09,75.00
2022-01-10,76.67
2022-01-11,76.67
2022-01-12,76.67
2022-01-13,76.67
2022-01-14,76.67
2022-01-15,76.67
2022-01-16,66.67
2022-01-17,66.67
2022-01-18,66.67
2022-01-19,66.67
2022-01-20,55.00
2022-01-21,56.67
2022-01-22,56.67
2022-01-23,56.67
2022-01-24,56.67
2022-01-25,55.00
2022-01-26,56.67
2022-01-27,55.00
2022-01-28,56.67
2022-01-29,66.67
2022-01-30,65.00
2022-01-31,66.67
2022-02-04,76.67
2022-02-05,76.67
2022-02-06,75.00
2022-02-07,76.67
2022-02-08,76.67
2022-02-09,86.67
2022-02-10,76.67
2022-02-11,76.67
2022-02-12,76.67
2022-02-13,65.00
2022-02-14,76.67
2022-02-15,76.67
2022-02-16,76.67
2022-02-17,76.67
2022-02-18,76.67
2022-02-19,76.67
2022-02-20,75.00
2022-02-21,75.00
2022-02-22,65.00
2022-02-23,65.00
2022-02-24,65.00
2022-02-25,65.00
2022-02-27,55.00
2022-02-28,66.67
2022-03-01,66.67
2022-03-02,56.67
2022-03-03,56.67
2022-03-05,65.00
2022-03-06,65.00
2022-03-07,65.00
2022-03-08,55.00
2022-03-09,56.67
2022-03-10,56.67
2022-03-11,46.67
2022-03-12,46.67
2022-03-13,45.00
2022-03-14,56.67
2022-03-15,61.00
2022-03-16,55.00
2022-03-17,65.00
2022-03-18,65.00
2022-03-19,57.50
2022-03-20,60.00
2022-03-21,65.00
2022-03-22,65.00
2022-03-23,70.00
2022-03-25,65.00
2022-03-26,65.00
2022-03-27,65.00
2022-03-29,55.00
2022-03-31,55.00
2022-04-01,56.67
2022-04-02,56.67
2022-04-03,55.00
2022-04-04,55.00
2022-04-05,55.00
2022-04-06,65.00
2022-04-07,65.00
2022-04-08,65.00
2022-04-09,65.00
2022-04-10,75.00
2022-04-11,75.00
2022-04-12,75.00
2022-04-13,55.00
2022-04-14,66.67
2022-04-15,56.67
2022-04-16,56.67
2022-04-17,55.00
2022-04-18,55.00
2022-04-19,56.67
2022-04-20,56.67
2022-04-21,55.00
2022-04-22,56.67
2022-04-23,56.67
2022-04-24,55.00
2022-04-25,65.00
2022-04-26,56.67
2022-04-27,55.00
2022-04-28,66.67
2022-04-29,66.67
2022-04-30,66.67
2022-05-01,66.67
2022-05-02,66.67
2022-05-03,85.00
2022-05-04,76.67
2022-05-05,76.67
2022-05-06,66.67
2022-05-07,66.67
2022-05-08,65.00
2022-05-09,75.00
2022-05-10,76.67
2022-05-11,66.67
2022-05-12,65.00
2022-05-18,116.67
2022-05-19,115.00
2022-05-21,115.00
2022-05-22,95.00
2022-05-23,125.00
2022-05-24,115.00
2022-05-25,105.00
2022-05-28,116.67
2022-05-29,125.00
2022-05-30,115.00
2022-05-31,140.00
2022-06-01,150.00
2022-06-20,95.00
2022-06-21,86.67
2022-06-27,85.00
2022-06-30,96.67
2022-07-01,96.67
2022-07-02,96.67
2022-07-03,95.00
2022-07-04,85.00
2022-07-05,75.00
2022-07-06,86.67
2022-07-07,76.67
2022-07-08,66.67
2022-07-09,66.67
2022-07-10,60.00
2022-07-11,65.00
2022-07-12,65.00
2022-07-15,55.00
2022-07-25,65.00
2022-07-26,66.67
2022-07-27,67.50
2022-08-03,42.50
2022-08-04,42.50
2022-08-05,47.50
2022-08-06,57.50
2022-08-07,55.00
2022-08-08,57.50
2022-08-09,60.00
2022-08-10,57.50
2022-08-11,65.00
2022-08-12,67.00
2022-08-13,53.00
2022-08-14,51.67
2022-08-15,55.00
2022-08-16,52.50
2022-08-17,52.50
2022-08-18,53.75
2022-08-19,47.50
2022-08-20,48.33
2022-08-21,47.67
2022-08-22,47.50
2022-08-23,42.50
2022-08-24,47.50
2022-08-25,47.50
2022-08-26,57.50
2022-08-27,65.00
2022-08-28,65.00
2022-08-29,68.33
2022-08-30,62.50
2022-08-31,62.50
2022-09-01,58.33
2022-09-04,55.00
2022-09-06,58.33
2022-09-07,53.33
2022-09-08,57.50
2022-09-09,52.50
2022-09-10,52.50
2022-09-11,52.50
2022-09-12,53.33
2022-09-13,53.33
2022-09-14,47.50
2022-09-15,52.33
2022-09-16,65.00
2022-09-17,65.00
2022-09-18,65.00
2022-09-19,65.00
2022-09-20,47.50
2022-09-21,48.33
2022-09-22,48.33
2022-09-23,47.60
2022-09-24,53.33
2022-09-25,55.00
2022-09-26,55.00
2022-09-27,55.00
2022-09-28,48.33
2022-09-29,55.00
2022-09-30,43.33
2022-10-01,49.00
2022-10-02,55.00
2022-10-03,60.00
2022-10-04,58.33
2022-10-05,42.50
2022-10-06,47.50
2022-10-07,47.50
2022-10-08,47.50
2022-10-09,47.67
2022-10-10,42.50
2022-10-11,41.67
2022-10-12,65.00
2022-10-13,75.00
2022-10-14,65.00
2022-10-15,70.00
2022-10-16,65.00
2022-10-17,65.00
2022-10-18,65.00
2022-10-19,65.00
2022-10-20,65.00
2022-10-21,65.00
2022-10-22,65.00
2022-10-23,65.00
2022-10-24,65.00
2022-10-25,75.00
2022-10-26,75.00
2022-10-27,80.00
2022-10-28,85.00
2022-10-29,75.00
2022-10-30,95.00
2022-10-31,95.00
2022-11-01,95.00
2022-11-02,76.67
2022-11-03,76.67
2022-11-04,76.67
2022-11-05,65.00
2022-11-06,75.00
2022-11-07,76.67
2022-11-08,65.00
2022-11-09,60.00
2022-11-10,60.00
2022-11-11,55.00
2022-11-12,55.00
2022-11-13,55.00
2022-11-14,55.00
2022-11-15,55.00
2022-11-16,55.00
2022-11-17,55.00
2022-11-18,55.00
2022-11-19,55.00
2022-11-21,55.00
2022-11-22,55.00
2022-11-23,55.00
2022-11-24,55.00
2022-11-25,55.00
2022-11-26,45.00
2022-11-27,55.00
2022-11-28,45.00
2022-11-29,45.00
2022-11-30,46.00
2022-12-01,55.00
2022-12-02,45.00
2022-12-03,65.00
2022-12-04,65.00
2022-12-05,45.00
2022-12-06,55.00
2022-12-07,45.00
2022-12-08,45.00
2022-12-09,55.00
2022-12-10,55.00
2022-12-11,55.00
2022-12-12,45.00
2022-12-13,45.00
2022-12-14,55.00
2022-12-15,55.00
2022-12-16,55.00
2022-12-17,45.00
2022-12-18,45.00
2022-12-19,35.00
2022-12-20,36.67
2022-12-21,35.00
2022-12-22,35.00
2022-12-23,34.00
2022-12-24,35.00
2022-12-25,35.00
2022-12-26,36.67
2022-12-27,50.00
2022-12-28,55.00
2022-12-29,45.00
2022-12-30,45.00
2022-12-31,45.00
2023-01-01,45.00
2023-01-02,46.67
2023-01-03,45.00
2023-01-04,55.00
2023-01-05,46.67
2023-01-06,36.67
2023-01-07,45.00
2023-01-08,45.00
2023-01-09,45.00
2023-01-10,45.00
2023-01-11,46.67
2023-01-12,46.67
2023-01-13,46.67
2023-01-14,45.00
2023-01-15,45.00
2023-01-16,45.00
2023-01-17,45.00
2023-01-18,45.00
2023-01-19,56.67
2023-01-20,56.67
2023-01-21,56.67
2023-01-22,56.67
2023-01-23,55.00
2023-01-24,56.67
2023-01-25,56.67
2023-01-26,55.00
2023-01-27,55.00
2023-01-28,56.00
2023-01-29,55.00
2023-01-30,45.00
2023-01-31,45.00
2023-02-01,45.00
2023-02-02,45.00
2023-02-03,46.67
2023-02-04,46.00
2023-02-05,45.00
2023-02-06,46.67
2023-02-07,46.67
2023-02-08,45.00
2023-02-09,46.67
2023-02-10,46.67
2023-02-11,45.00
2023-02-12,45.00
2023-02-13,56.67
2023-02-14,55.00
2023-02-15,56.67
2023-02-16,56.67
2023-02-17,45.00
2023-02-18,41.00
2023-02-19,37.67
2023-02-20,42.00
2023-02-21,38.33
2023-02-22,55.00
2023-02-23,55.00
2023-02-24,55.00
2023-02-25,55.00
2023-02-26,55.00
2023-02-27,55.00
2023-02-28,56.67
2023-03-01,55.00
2023-03-02,55.00
2023-03-03,45.00
2023-03-05,45.00
2023-03-06,46.67
2023-03-07,56.67
2023-03-08,56.67
2023-03-09,65.00
2023-03-10,65.00
2023-03-12,65.00
2023-03-13,66.67
2023-03-14,36.67
2023-03-15,55.00
2023-03-16,45.00
2023-03-17,46.67
2023-03-18,46.67
2023-03-19,45.00
2023-03-20,56.67
2023-03-21,56.67
2023-03-22,56.67
2023-03-23,56.67
2023-03-24,45.00
2023-03-25,46.67
2023-03-26,45.00
2023-03-27,45.00
2023-03-28,45.00
2023-03-29,55.00
2023-03-30,45.00
2023-03-31,45.00
2023-04-01,45.00
2023-04-02,55.00
2023-04-03,65.00
2023-04-04,65.00
2023-04-05,65.00
2023-04-06,65.00
2023-04-07,65.00
2023-04-08,55.00
2023-04-09,55.00
2023-04-10,55.00
2023-04-11,55.00
2023-04-12,55.00
2023-04-13,55.00
2023-04-14,55.00
2023-04-15,55.00
2023-04-16,55.00
2023-04-17,45.00
2023-04-18,55.00
2023-04-19,55.00
2023-04-20,55.00
2023-04-21,55.00
2023-04-22,55.00
2023-04-23,55.00
2023-04-24,55.00
2023-04-25,55.00
2023-04-26,55.00
2023-04-27,55.00
2023-04-28,55.00
2023-04-29,55.00
2023-04-30,55.00
2023-05-01,45.00
2023-05-02,55.00
2023-05-03,55.00
2023-05-04,55.00
2023-05-05,55.00
2023-05-06,55.00
2023-05-07,55.00
2023-05-08,55.00
2023-05-09,55.00
2023-05-10,56.67
2023-05-11,55.00
2023-05-12,55.00
2023-05-13,55.00
2023-05-14,55.00
2023-05-15,55.00
2023-05-16,55.00
2023-05-17,55.00
2023-05-18,55.00
2023-05-19,55.00
2023-05-20,55.00
2023-05-21,55.00
2023-05-22,55.00
2023-05-23,45.00
2023-05-24,45.00
2023-05-25,45.00
2023-05-26,45.00
2023-05-27,45.00
2023-05-28,45.00
2023-05-29,45.00
2023-05-31,32.50
2023-06-01,27.50
2023-06-02,27.50
2023-06-03,27.50
2023-06-04,27.67
2023-06-05,27.50
2023-06-06,25.00
2023-06-07,22.50
2023-06-11,55.00
2023-06-12,55.00
2023-06-13,35.00
2023-06-14,35.00
2023-06-16,35.00
2023-06-19,33.60
2023-06-20,40.00
2023-06-21,39.00
2023-06-22,37.50
2023-06-23,45.00
2023-06-24,45.00
2023-06-25,45.00
2023-06-26,45.00
2023-06-27,45.00
2023-06-28,50.00
2023-06-29,65.00
2023-06-30,55.00
2023-07-01,55.00
2023-07-02,55.00
2023-07-03,65.00
2023-07-04,75.00
2023-07-05,84.00
2023-07-06,85.00
2023-07-07,95.00
2023-07-08,95.00
2023-07-09,95.00
2023-07-10,95.00
2023-07-11,95.00
2023-07-12,85.00
2023-07-13,95.00
2023-07-14,75.00
2023-07-15,75.00
2023-07-16,75.00
2023-07-17,85.00
2023-07-18,86.00
2023-07-19,85.00
2023-07-20,85.00
2023-07-21,85.00
2023-07-22,86.67
2023-07-23,85.00
2023-07-24,96.67
2023-07-25,110.00
2023-07-26,100.00
2023-07-27,93.33
2023-07-28,106.67
2023-07-29,106.00
2023-07-30,105.00
2023-07-31,130.00
2023-08-01,130.00
2023-08-02,146.00
2023-08-03,170.00
2023-08-04,170.00
2023-08-05,170.00
2023-08-06,168.33
2023-08-07,160.00
2023-08-08,170.00
2023-08-09,170.00
2023-08-10,170.00
2023-08-11,150.00
2023-08-12,140.00
2023-08-13,140.00
2023-08-14,170.00
2023-08-15,150.00
2023-08-16,145.00
2023-08-17,137.50
2023-08-18,142.50
2023-08-19,147.50
2023-08-20,150.00
2023-08-21,125.00
2023-08-22,120.00
2023-08-23,110.00
2023-08-24,100.00
2023-08-25,85.00
2023-08-26,85.00
2023-08-27,75.00
2023-08-28,75.00
2023-08-29,75.00
2023-08-30,75.00
2023-08-31,85.00
2023-09-01,95.00
2023-09-02,95.00
2023-09-03,75.00
2023-09-04,65.00
2023-09-05,60.00
2023-09-06,55.00
2023-09-08,45.00
2023-09-10,45.00
2023-09-13,65.00
2023-09-14,65.00
2023-09-18,65.00
2023-09-19,75.00
2023-09-20,50.00
2023-09-21,50.00
2023-10-17,45.00
2023-10-18,45.00
2023-10-19,45.00
2023-10-20,45.00
2023-10-22,75.00
2023-10-23,75.00
2023-10-24,75.00
2023-11-01,65.00
2023-11-02,65.00
2023-11-03,65.00
2023-11-04,65.00
2023-11-05,65.00
2023-11-06,65.00
2023-11-07,65.00
2023-11-08,65.00
2023-11-09,65.00
2023-11-10,65.00
2023-11-11,45.00
2023-11-12,55.00
2023-11-13,55.00
2023-11-14,65.00
2023-11-15,65.00
2023-11-20,65.00
2023-11-23,85.00
2023-11-24,85.00
2023-11-25,85.00
2023-11-26,85.00
2023-11-27,85.00
2023-11-28,85.00
2023-11-29,85.00
2023-11-30,85.00
2023-12-01,85.00
2023-12-02,76.67
2023-12-03,75.00
2023-12-04,75.00
2023-12-05,65.00
2023-12-06,66.67
2023-12-07,55.00
2023-12-08,65.00
2023-12-09,66.67
2023-12-10,65.00
2023-12-11,65.00
2023-12-12,55.00
2023-12-13,63.33
2023-12-14,50.00
2023-12-15,53.33
2023-12-16,55.00
2023-12-17,55.00
2023-12-18,65.00
2023-12-19,65.00
2023-12-20,65.00
2023-12-21,65.00
2023-12-22,55.00
2023-12-23,55.00
2023-12-24,55.00
2023-12-25,55.00
2023-12-26,65.00
2023-12-27,55.00
2023-12-28,55.00
2023-12-29,55.00
2023-12-30,55.00
2023-12-31,55.00
2024-01-01,55.00
2024-01-02,45.00
2024-01-03,65.00
2024-01-04,55.00
2024-01-05,55.00
2024-01-06,55.00
2024-01-07,55.00
2024-01-08,45.00
2024-01-09,45.00
2024-01-10,45.00
2024-01-11,45.00
2024-01-12,45.00
2024-01-13,45.00
2024-01-14,45.00
2024-01-15,45.00
2024-01-16,45.00
2024-01-17,45.00
2024-01-18,45.00
2024-01-19,55.00
2024-01-20,55.00
2024-01-21,55.00
2024-01-22,55.00
2024-01-23,55.00
2024-01-24,55.00
2024-01-25,55.00
2024-01-26,55.00
2024-01-27,55.00
2024-01-28,65.00
2024-01-29,65.00
2024-01-30,65.00
2024-01-31,65.00
2024-02-01,55.00
2024-02-02,65.00
2024-02-03,65.00
2024-02-04,65.00
2024-02-05,65.00
2024-02-06,65.00
2024-02-08,75.00
2024-02-09,65.00
2024-02-10,65.00
2024-02-11,65.00
2024-02-12,65.00
2024-02-13,65.00
2024-02-14,55.00
2024-02-15,65.00
2024-02-16,65.00
2024-02-17,55.00
2024-02-18,55.00
2024-02-19,55.00
2024-02-20,55.00
2024-02-21,55.00
2024-02-22,55.00
2024-02-23,55.00
2024-02-24,55.00
2024-02-25,55.00
2024-02-26,55.00
2024-02-27,55.00
2024-02-28,55.00
2024-02-29,55.00
2024-03-01,55.00
2024-03-02,55.00
2024-03-04,55.00
2024-03-05,55.00
2024-03-06,55.00
2024-03-07,65.00
2024-03-08,65.00
2024-03-09,55.00
2024-03-10,55.00
2024-03-11,55.00
2024-03-12,55.00
2024-03-13,55.00
2024-03-14,65.00
2024-03-15,55.00
2024-03-16,55.00
2024-03-17,55.00
2024-03-18,55.00
2024-03-19,55.00
2024-03-20,55.00
2024-03-26,65.00
2024-03-27,55.00
2024-03-29,75.00
2024-03-30,76.67
2024-03-31,75.00
2024-04-05,65.00
2024-04-07,73.75
2024-04-08,75.00
2024-04-09,75.00
2024-04-10,66.67
2024-04-11,65.00
2024-04-12,65.00
2024-04-14,75.00
2024-04-15,65.00
2024-04-16,65.00
2024-04-17,65.00
2024-04-18,65.00
2024-04-21,65.00
2024-04-22,55.00
2024-04-27,55.00
2024-04-28,45.00
2024-04-29,45.00
2024-04-30,45.00
2024-05-01,45.00
2024-05-03,35.00
2024-05-04,37.50
2024-05-05,45.00
2024-05-06,35.00
2024-05-08,40.00
2024-05-09,45.00
2024-05-10,45.00
2024-05-14,40.00
2024-05-15,38.33
2024-05-16,35.00
2024-05-21,45.00
2024-05-24,45.00
2024-05-27,55.00
2024-05-28,45.00
2024-05-29,55.00
2024-05-30,55.00
2024-05-31,65.00
2024-06-01,65.00
2024-06-02,75.00
2024-06-03,55.00
2024-06-04,55.00
2024-06-05,50.00
2024-06-06,65.00
2024-06-07,45.00
2024-06-08,55.00
2024-06-09,55.00
2024-06-11,55.00
2024-06-12,43.33
2024-06-13,55.00
2024-06-14,43.33
2024-06-15,45.00
2024-06-16,65.00
2024-06-17,35.00
2024-06-18,55.00
2024-06-19,55.00
2024-06-20,55.00
2024-06-21,56.67
2024-06-22,65.00
2024-06-23,65.00
2024-06-24,65.00
2024-06-25,65.00
2024-06-26,66.67
2024-06-27,75.00
2024-06-28,66.67
2024-06-29,65.00
2024-06-30,75.00
2024-07-01,66.67
2024-07-02,65.00
2024-07-03,66.67
2024-07-04,75.00
2024-07-05,76.67
2024-07-06,76.67
2024-07-07,95.00
2024-07-08,110.00
2024-07-09,110.00
2024-07-10,110.00
2024-07-11,115.00
2024-07-12,110.00
2024-07-13,120.00
2024-07-14,115.00
2024-07-15,120.00
2024-07-16,115.00
2024-07-17,125.00
2024-07-18,110.00
2024-07-19,116.67
2024-07-20,90.00
2024-07-21,95.00
2024-07-22,66.00
2024-07-23,70.00
2024-07-24,70.00
2024-07-25,75.00
2024-07-26,70.00
2024-07-27,65.00
2024-07-28,75.00
2024-07-29,75.00
2024-07-30,75.00
2024-07-31,76.67
2024-08-01,75.00
2024-08-02,76.67
2024-08-03,73.33
2024-08-04,75.00
2024-08-05,66.67
2024-08-06,65.00
2024-08-07,66.67
2024-08-08,65.00
2024-08-09,76.67
2024-08-10,76.67
2024-08-11,75.00
2024-08-12,96.67
2024-08-13,95.00
2024-08-14,86.67
2024-08-15,95.00
2024-08-16,86.67
2024-08-17,86.67
2024-08-18,85.00
2024-08-19,96.67
2024-08-20,95.00
2024-08-21,76.67
2024-08-22,75.00
2024-08-23,96.67
2024-08-24,70.00
2024-08-25,75.00
2024-08-26,66.67
2024-08-27,65.00
2024-08-28,60.00
2024-08-29,65.00
2024-08-30,55.00
2024-08-31,53.75
2024-09-01,55.00
2024-09-02,55.00
2024-09-03,55.00
2024-09-04,55.00
2024-09-05,55.00
2024-09-06,55.00
2024-09-07,55.00
2024-09-08,55.00
2024-09-09,55.00
2024-09-12,55.00
2024-11-19,95.00
